deviceUid,serialNumber,systemManufacturer,systemModel,username,lastUpdatedDateTimeUtc,platformOSType,deviceName,domain,localIp,cpu,bios,latitude,longitude,antivirus,RAMDisponible,RAM,Disco
4c498db0-3ce3-4fd0-962c-4403474fe6ab,PF4Q3GBK,Lenovo,THINKPAD T16 GEN 2,ARUNTNET\fruiz,2024-06-10T13:43:32.745Z,Windows,LAP-QOR-CRP-03,aruntnet.local,172.16.21.140,13th Gen Intel(R) Core(TM) i7-1355U,LENOVO - 1440 N3QET44W (1.44 ) Lenovo - 1440 ,-12.0979247,-77.0129919,Sophos Intercept X 3.2.0.1560,3110.74609375,16 GB,1 TB
b0142679-a879-4808-850a-66fcb61fe825,4CE336D4QK,Hewlett-Packard,HP PRO SFF 400 G9 DESKTOP PC,ARUNTNET\monica.ulloa,2024-12-20T18:56:29.000Z,Windows,PC-QOR-RENT-03,aruntnet.local,172.16.65.18,12th Gen Intel(R) Core(TM) i7-12700,HPQOEM - 0 U03 Ver. 02.15.20 ,-12.1063959,-77.0222119,Sophos Endpoint Agent 2024.2.4.1.0,2380.8359375,16 GB,512 GB
6a5a0186-d33e-4441-b673-7746a9d6a05b,4CE336D5BV,Hewlett-Packard,HP PRO SFF 400 G9 DESKTOP PC,ARUNTNET\karen.valenzuela,2024-12-20T10:51:50.000Z,Windows,PC-QOR-RENT-02,aruntnet.local,172.16.65.56,12th Gen Intel(R) Core(TM) i7-12700,HPQOEM - 0 U03 Ver. 02.15.20 ,-12.1057324,-77.022247,Sophos Endpoint Agent 2024.2.4.1.0,10529.625,16 GB,512 GB
e0c383a0-570b-49b2-8816-81a898e03b84,4CE336D556,Hewlett-Packard,HP PRO SFF 400 G9 DESKTOP PC,ARUNTNET\rtafur,2024-12-20T19:16:30.392Z,Windows,PC-QOR-RENT-01,aruntnet.local,172.16.64.135,12th Gen Intel(R) Core(TM) i7-12700,HPQOEM - 0 U03 Ver. 02.15.20 ,-12.1057209,-77.0222574,Sophos Endpoint Agent 2024.2.4.1.0,4805.71875,16 GB,512 GB
d3c4995a-de58-45c4-8b0f-763be6806160,5CD401CJP6,Hewlett-Packard,HP PROBOOK 450 15.6 INCH G10 NOTEBOOK PC,ARUNTNET\liliana.quispe,2024-12-20T19:23:45.411Z,Windows,LAP-QOR-RENT-08,aruntnet.local,172.16.70.85,13th Gen Intel(R) Core(TM) i7-1355U,HPQOEM - 0 V72 Ver. 01.06.03 ,-12.105819,-77.0223102,Sophos Endpoint Agent 2024.2.4.1.0,1851.55859375,16 GB,512 GB
6c5286d1-43b8-49ce-8e21-7b213b2685bc,5CD3252W46,Hewlett-Packard,HP PROBOOK 450 15.6 INCH G10 NOTEBOOK PC,ARUNTNET\jesus.chavez,2024-12-20T19:59:15.471Z,Windows,LAP-QOR-RENT-06,aruntnet.local,172.16.70.200,13th Gen Intel(R) Core(TM) i7-1355U,HPQOEM - 0 V72 Ver. 01.06.03 ,-12.1057926,-77.0222972,Sophos Endpoint Agent 2024.2.4.1.0,3731.91015625,16 GB,512 GB
d8cd47cb-8765-4f44-bfdf-8571c95e137c,5CD401CJPR,Hewlett-Packard,HP PROBOOK 450 15.6 INCH G10 NOTEBOOK PC,ARUNTNET\cindy.ferre,2024-12-20T16:34:53.000Z,Windows,LAP-QOR-RENT-09,aruntnet.local,172.16.19.117,13th Gen Intel(R) Core(TM) i7-1355U,HPQOEM - 0 V72 Ver. 01.06.03 ,-12.0979361,-77.0129288,Sophos Endpoint Agent 2024.2.4.1.0,4240.3671875,16 GB,512 GB
dac9494e-bc3e-4985-8355-cf421b29e9b5,MXL41630LL,Hewlett-Packard,HP Z2 TOWER G9 WORKSTATION DESKTOP PC,ARUNTNET\practicante1.ma,2024-12-20T16:32:14.000Z,Windows,PC-QOR-RENT-04,aruntnet.local,172.16.64.60,12th Gen Intel(R) Core(TM) i7-12700,HPQOEM - 0 U50 Ver. 03.03.04 ,-12.1037,-77.0213,Sophos Endpoint Agent 2024.2.4.1.0,13804.26953125,32 GB,1 TB
bb89bcc9-54fb-48c0-bde6-5fc35d51e077,5CD40731HD,Hewlett-Packard,HP ZBOOK POWER 15.6 INCH G10 MOBILE WORKSTATION PC,LAP-QOR-RENT-05\Administrador,2024-12-20T17:51:29.687Z,Windows,LAP-QOR-RENT-05,aruntnet.local,172.16.32.153,13th Gen Intel(R) Core(TM) i7-13700H,HPQOEM - 0 V97 Ver. 01.06.03 ,-14.7733017,-72.3736246,Windows Defender 4.18.24090.11,21478.34375,32 GB,1 TB
50933294-e2cd-4878-a6bf-c3395062369b,5CD3252W0G,Hewlett-Packard,HP PROBOOK 450 15.6 INCH G10 NOTEBOOK PC,ARUNTNET\vjimenez,2024-12-20T15:24:08.486Z,Windows,LAP-QOR-RENT-07,aruntnet.local,172.16.69.218,13th Gen Intel(R) Core(TM) i7-1355U,HPQOEM - 0 V72 Ver. 01.06.03 ,-12.1057836,-77.0223011,Sophos Endpoint Agent 2024.2.4.1.0,9789.1171875,16 GB,512 GB
a517e669-2a03-4ce3-8a4e-f09c9010023f,5CG41003KQ,Hewlett-Packard,HP ELITE X360 1040 14 INCH G10 2-IN-1 NOTEBOOK PC,ARUNTNET\edgardo.orderique,2024-12-20T18:08:25.063Z,Windows,LAP-QOR-RENT-11,aruntnet.local,172.16.70.53,13th Gen Intel(R) Core(TM) i7-1355U,HPQOEM - 0 V70 Ver. 01.07.00 ,-12.1056778,-77.0223804,Sophos Endpoint Agent 2024.2.4.1.0,4692.31640625,16 GB,1 TB
24c34d58-6176-45fc-a89d-c11deab8a09a,5CG41003KR,Hewlett-Packard,HP ELITE X360 1040 14 INCH G10 2-IN-1 NOTEBOOK PC,ARUNTNET\carlos.rojas,2024-12-20T11:06:36.343Z,Windows,LAP-QOR-RENT-23,aruntnet.local,192.168.1.13,13th Gen Intel(R) Core(TM) i7-1355U,HPQOEM - 0 V70 Ver. 01.07.00 ,-12.2190848,-76.9945195,Sophos Endpoint Agent 2024.2.4.1.0,11073.46875,16 GB,1 TB
7b93fb60-334a-4161-b8d0-99501a89c5d5,5CD401CJQN,Hewlett-Packard,HP PROBOOK 450 15.6 INCH G10 NOTEBOOK PC,ARUNTNET\jortega,2024-12-20T18:45:56.111Z,Windows,MDH5CD401CJQN-A,aruntnet.local,172.16.25.177,13th Gen Intel(R) Core(TM) i7-1355U,HPQOEM - 0 V72 Ver. 01.06.03 ,-12.0213951,-76.9614109,Sophos Endpoint Agent 2024.2.4.1.0,6248.80859375,16 GB,512 GB
495937cf-efe5-482c-89a6-9c558f359aeb,5CD401CJQ3,Hewlett-Packard,HP PROBOOK 450 15.6 INCH G10 NOTEBOOK PC,ARUNTNET\enrique.calderon,2024-12-20T18:48:01.820Z,Windows,MUR-L-CC-HP4,aruntnet.local,172.16.7.121,13th Gen Intel(R) Core(TM) i7-1355U,HPQOEM - 0 V72 Ver. 01.06.03 ,-12.043333053588867,-77.02833557128906,Sophos Endpoint Agent 2024.2.4.1.0,6548.01171875,16 GB,512 GB
7a77153a-026b-4836-bef2-609718f78f5f,5CD401CJQ9,Hewlett-Packard,HP PROBOOK 450 15.6 INCH G10 NOTEBOOK PC,ARUNTNET\jose.martinez,2024-12-20T13:36:41.000Z,Windows,MDH5CD401CJQ9-A,aruntnet.local,172.20.10.6,13th Gen Intel(R) Core(TM) i7-1355U,HPQOEM - 0 V72 Ver. 01.06.03 ,-14.01082992553711,-75.73583221435547,Sophos Endpoint Agent 2024.2.4.1.0,3326.765625,16 GB,512 GB
48e9fd26-95dc-428b-9ffc-966acf6d0688,5CD401CJR6,Hewlett-Packard,HP PROBOOK 450 15.6 INCH G10 NOTEBOOK PC,ARUNTNET\karla.ollachica,2024-12-20T13:38:25.842Z,Windows,MDH5CD401CJR6-A,aruntnet.local,172.16.25.224,13th Gen Intel(R) Core(TM) i7-1355U,HPQOEM - 0 V72 Ver. 01.06.03 ,-12.0213969,-76.9614094,Sophos Endpoint Agent 2024.2.4.1.0,4208.1796875,16 GB,512 GB
09d3c377-8810-4daa-b715-0a4fba50e631,5CG41003KV,Hewlett-Packard,HP ELITE X360 1040 14 INCH G10 2-IN-1 NOTEBOOK PC,ARUNTNET\rmorales,2024-12-20T17:30:59.601Z,Windows,LAP-QOR-RENT-10,aruntnet.local,172.16.70.159,13th Gen Intel(R) Core(TM) i7-1355U,HPQOEM - 0 V70 Ver. 01.06.03 ,-12.1057169,-77.0222638,Sophos Endpoint Agent 2024.2.4.1.0,6770.21484375,16 GB,1 TB
1d33c2a0-b703-4f8c-a9aa-622c64b420aa,4CE336D5BW,Hewlett-Packard,HP PRO SFF 400 G9 DESKTOP PC,CEMPROTECH\fespinoza,2024-12-20T18:38:00.401Z,Windows,NB-CEM013,cemprotech.com.pe,172.16.11.72,12th Gen Intel(R) Core(TM) i7-12700,HPQOEM - 0 U03 Ver. 02.15.20 ,-12.3001802,-76.8337633,Sophos Endpoint Agent 2024.2.4.1.0,6513.30078125,16 GB,512 GB
d11d7df4-1a2a-4e7f-b025-3481fd2b84d6,5CD401CJPF,Hewlett-Packard,HP PROBOOK 450 15.6 INCH G10 NOTEBOOK PC,ARUNTNET\apasco,2024-12-20T18:17:02.836Z,Windows,MDH5CD401CJPF-A,aruntnet.local,172.16.24.153,13th Gen Intel(R) Core(TM) i7-1355U,HPQOEM - 0 V72 Ver. 01.06.03 ,-12.0213724,-76.9615133,Sophos Endpoint Agent 2024.2.4.1.0,1786.38671875,16 GB,512 GB
26a21070-ccea-4446-98af-46e8bb69709e,5CD401CJPL,Hewlett-Packard,HP PROBOOK 450 15.6 INCH G10 NOTEBOOK PC,ARUNTNET\elmer.gonzales,2024-12-20T14:29:31.394Z,Windows,MDH5CD401CJPL-A,aruntnet.local,172.16.25.134,13th Gen Intel(R) Core(TM) i7-1355U,HPQOEM - 0 V72 Ver. 01.06.03 ,-12.0213784,-76.9615112,Sophos Endpoint Agent 2024.2.4.1.0,6339.79296875,16 GB,512 GB
a8842d0e-419f-4005-b6fe-88db75c7d45d,5CD401CJPK,Hewlett-Packard,HP PROBOOK 450 15.6 INCH G10 NOTEBOOK PC,ARUNTNET\jesus.cueva,2024-11-30T16:21:32.883Z,Windows,MDH5CD401CJPK-A,aruntnet.local,172.16.25.150,13th Gen Intel(R) Core(TM) i7-1355U,HPQOEM - 0 V72 Ver. 01.06.03 ,-12.0213883,-76.9615118,Sophos Endpoint Agent 2024.2.4.1.0,2968.828125,16 GB,512 GB
95b72c63-5add-49da-b915-05ec11ea15f7,5CD401CJNN,Hewlett-Packard,HP PROBOOK 450 15.6 INCH G10 NOTEBOOK PC,ARUNTNET\martin.rosales,2024-12-20T13:49:33.754Z,Windows,MDH5CD401CJNN-A,aruntnet.local,172.16.25.94,13th Gen Intel(R) Core(TM) i7-1355U,HPQOEM - 0 V72 Ver. 01.06.03 ,-12.0213763,-76.9615134,Sophos Endpoint Agent 2024.2.4.1.0,4738.2734375,16 GB,512 GB
e020c814-e019-45be-a9b5-1bef37d2074f,5CD401CJPY,Hewlett-Packard,HP PROBOOK 450 15.6 INCH G10 NOTEBOOK PC,ARUNTNET\gian.vega,2024-12-20T15:07:34.183Z,Windows,MDH5CD401CJPY-A,aruntnet.local,172.16.24.145,13th Gen Intel(R) Core(TM) i7-1355U,HPQOEM - 0 V72 Ver. 01.06.03 ,-12.0214088,-76.9614229,Sophos Endpoint Agent 2024.2.4.1.0,4097.921875,16 GB,512 GB
2142fe81-5e5f-4af7-91bc-9247e5a39e39,5CD401CJQ0,Hewlett-Packard,HP PROBOOK 450 15.6 INCH G10 NOTEBOOK PC,ARUNTNET\ralcala,2024-12-20T18:38:00.405Z,Windows,MDH5CD401CJQ0,aruntnet.local,172.16.25.122,13th Gen Intel(R) Core(TM) i7-1355U,HPQOEM - 0 V72 Ver. 01.06.03 ,-12.0214583,-76.9615294,Sophos Endpoint Agent 2024.2.4.1.0,4173.265625,16 GB,512 GB
85883d98-41b0-43b1-a042-b0166148a7ec,5CD401CJPP,Hewlett-Packard,HP PROBOOK 450 15.6 INCH G10 NOTEBOOK PC,DESKTOP-SHIZUKO\laptop,2024-09-28T17:11:39.592Z,Windows,DESKTOP-SHIZUKO,WORKGROUP,192.168.146.79,13th Gen Intel(R) Core(TM) i7-1355U,HPQOEM - 0 V72 Ver. 01.05.05 ,-8.4052621,-74.5614986,AVG Antivirus 21.4.6162.0,8944.07421875,16 GB,512 GB
6174c5cc-8bbe-4fb1-9e5c-3ae8232e8a5b,5CD3252VZH,Hewlett-Packard,HP PROBOOK 450 15.6 INCH G10 NOTEBOOK PC,ARUNTNET\ayleen.jimenez,2024-12-20T19:54:30.312Z,Windows,MDH5CD3252VZH-A,aruntnet.local,172.16.25.211,13th Gen Intel(R) Core(TM) i7-1355U,HPQOEM - 0 V72 Ver. 01.06.03 ,-12.0214687,-76.9615278,Sophos Endpoint Agent 2024.2.4.1.0,1875.87890625,16 GB,512 GB
287d2a0d-4d02-4b17-b6a2-4f6c706ddbd0,5CD401CJQB,Hewlett-Packard,HP PROBOOK 450 15.6 INCH G10 NOTEBOOK PC,ARUNTNET\debbie.curi,2024-12-20T19:22:49.263Z,Windows,MDH5CD401CJQB-A,aruntnet.local,172.16.24.247,13th Gen Intel(R) Core(TM) i7-1355U,HPQOEM - 0 V72 Ver. 01.06.03 ,-12.0214658,-76.9615412,Sophos Endpoint Agent 2024.2.4.1.0,1801.94921875,16 GB,512 GB
b403b963-351a-4865-b0c9-f8bce29691f6,5CD401CJQM,Hewlett-Packard,HP PROBOOK 450 15.6 INCH G10 NOTEBOOK PC,ARUNTNET\antony.huayanay,2024-12-20T15:43:31.900Z,Windows,MDH5CD401CJQM-A,aruntnet.local,172.16.25.130,13th Gen Intel(R) Core(TM) i7-1355U,HPQOEM - 0 V72 Ver. 01.06.03 ,-12.021463,-76.9615381,Sophos Endpoint Agent 2024.2.4.1.0,3982.6484375,16 GB,512 GB
1d218f9b-b0d3-40c0-83e0-5b19e0b85f6f,5CD3252WB5,Hewlett-Packard,HP PROBOOK 450 15.6 INCH G10 NOTEBOOK PC,ARUNTNET\lizeth.arias,2024-12-20T16:44:40.492Z,Windows,MDH5CD3252WB5,aruntnet.local,192.168.1.197,13th Gen Intel(R) Core(TM) i7-1355U,HPQOEM - 0 V72 Ver. 01.06.03 ,-10.4045545,-77.3983949,Sophos Endpoint Agent 2024.2.4.1.0,4836.0234375,16 GB,512 GB
d908a063-8f5b-4ffc-93c2-6ba296993620,5CD401CJPB,Hewlett-Packard,HP PROBOOK 450 15.6 INCH G10 NOTEBOOK PC,ARUNTNET\estrella.jordan,2024-12-20T17:28:34.697Z,Windows,MDH5CD401CJPB-A,aruntnet.local,192.168.1.82,13th Gen Intel(R) Core(TM) i7-1355U,HPQOEM - 0 V72 Ver. 01.06.03 ,-10.404538,-77.3984107,Sophos Endpoint Agent 2024.2.4.1.0,2610.82421875,16 GB,512 GB
dd6c149c-95b1-4532-b4ff-c37c34cabace,5CD401CJP3,Hewlett-Packard,HP PROBOOK 450 15.6 INCH G10 NOTEBOOK PC,ARUNTNET\luis.prado,2024-12-20T16:47:31.931Z,Windows,MDH5CD401CJP3-A,aruntnet.local,192.168.52.124,13th Gen Intel(R) Core(TM) i7-1355U,HPQOEM - 0 V72 Ver. 01.06.03 ,-6.3513107,-79.1267751,Sophos Endpoint Agent 2024.2.4.1.0,1820.875,16 GB,512 GB
7c4d36f9-0734-4da2-bdf0-e8abb62b9b2b,5CD401CJNZ,Hewlett-Packard,HP PROBOOK 450 15.6 INCH G10 NOTEBOOK PC,ARUNTNET\daniel.gutierrez,2024-12-20T17:54:30.622Z,Windows,MDH5CD401CJNZ-A,aruntnet.local,192.168.1.52,13th Gen Intel(R) Core(TM) i7-1355U,HPQOEM - 0 V72 Ver. 01.06.03 ,-12.0613104,-76.9350316,Sophos Endpoint Agent 2024.2.4.1.0,3553.03125,16 GB,512 GB
028338dc-3575-4ac9-bbe7-b14fe88de820,5CD401CJQ2,Hewlett-Packard,HP PROBOOK 450 15.6 INCH G10 NOTEBOOK PC,ARUNTNET\priscila.bazalar,2024-12-19T00:20:08.765Z,Windows,MDH5CD401CJQ2-A,aruntnet.local,192.168.8.185,13th Gen Intel(R) Core(TM) i7-1355U,HPQOEM - 0 V72 Ver. 01.06.03 ,-14.01082992553711,-75.73583221435547,Sophos Endpoint Agent 2024.2.4.1.0,4529.19140625,16 GB,512 GB
2de91d1a-7bfb-448f-9ebf-87d6548d4f4a,5CD401CJQJ,Hewlett-Packard,HP PROBOOK 450 15.6 INCH G10 NOTEBOOK PC,ARUNTNET\elizabeth.paucar,2024-12-20T19:59:32.223Z,Windows,MDH5CDCJQJ,aruntnet.local,172.16.25.239,13th Gen Intel(R) Core(TM) i7-1355U,HPQOEM - 0 V72 Ver. 01.06.03 ,-12.0214185,-76.9611705,Sophos Endpoint Agent 2024.2.4.1.0,2584.8828125,16 GB,512 GB
999683aa-2c76-4e2d-a420-3132a34c2899,5CD401CJQC,Hewlett-Packard,HP PROBOOK 450 15.6 INCH G10 NOTEBOOK PC,CEMPROTECH\flor.astonitas,2024-12-20T17:53:10.065Z,Windows,NB-CEM029,cemprotech.com.pe,172.16.11.239,13th Gen Intel(R) Core(TM) i7-1355U,HPQOEM - 0 V72 Ver. 01.06.03 ,-12.3000737,-76.8336953,Sophos Endpoint Agent 2024.2.4.1.0,7765.89453125,16 GB,512 GB
a0f4a659-1944-4680-9b50-443a86cb6fd5,5CD401CJR5,Hewlett-Packard,HP PROBOOK 450 15.6 INCH G10 NOTEBOOK PC,ARUNTNET\adm.santagloria,2024-12-20T15:47:43.971Z,Windows,MDH5CD401CJR5-A,aruntnet.local,192.168.225.84,13th Gen Intel(R) Core(TM) i7-1355U,HPQOEM - 0 V72 Ver. 01.06.03 ,-10.117076,-76.2081819,Sophos Endpoint Agent 2024.2.4.1.0,4436.44921875,16 GB,512 GB
fa26fd15-e4b8-4ea4-95c7-8c176316783a,5CD3252W6B,Hewlett-Packard,HP PROBOOK 450 15.6 INCH G10 NOTEBOOK PC,ARUNTNET\beatriz.paulino,2024-12-20T18:57:23.421Z,Windows,MDH5CD2W6B-A,aruntnet.local,172.16.24.222,13th Gen Intel(R) Core(TM) i7-1355U,HPQOEM - 0 V72 Ver. 01.06.03 ,-12.0212742,-76.9609565,Sophos Endpoint Agent 2024.2.4.1.0,2964.30859375,16 GB,512 GB
27ab7993-37f0-4ecc-b0d7-898c369e1007,4CE336D521,Hewlett-Packard,HP PRO SFF 400 G9 DESKTOP PC,CEMPROTECH\kelin.campomanes,2024-12-19T16:46:29.000Z,Windows,NB-CEM018,cemprotech.com.pe,172.16.11.197,12th Gen Intel(R) Core(TM) i7-12700,HPQOEM - 0 U03 Ver. 02.15.20 ,-12.043333053588867,-77.02833557128906,Sophos Endpoint Agent 2024.2.4.1.0,9280.62890625,16 GB,512 GB
558c1367-ae97-4a2b-88ca-4588323536fe,5CD401CJP4,Hewlett-Packard,HP PROBOOK 450 15.6 INCH G10 NOTEBOOK PC,ARUNTNET\heidy.munoz,2024-12-20T15:43:31.967Z,Windows,MDH5CDCJP4-A,aruntnet.local,172.20.10.6,13th Gen Intel(R) Core(TM) i7-1355U,HPQOEM - 0 V72 Ver. 01.06.03 ,-12.5042047,-76.7397609,Sophos Endpoint Agent 2024.2.4.1.0,2056.11328125,16 GB,512 GB
b603072d-6761-4f1c-9488-b82c674211cf,5CD401CJNS,Hewlett-Packard,HP PROBOOK 450 15.6 INCH G10 NOTEBOOK PC,CEMPROTECH\facundo.cuba,2024-12-20T15:43:31.907Z,Windows,NB-CEM028,cemprotech.com.pe,192.168.1.113,13th Gen Intel(R) Core(TM) i7-1355U,HPQOEM - 0 V72 Ver. 01.06.03 ,-12.3000734,-76.833689,Sophos Endpoint Agent 2024.2.4.1.0,4523.74609375,16 GB,512 GB
ba8f3c74-94bb-4a85-9aaa-4f5ce8bc8da4,5CG41003KL,Hewlett-Packard,HP ELITE X360 1040 14 INCH G10 2-IN-1 NOTEBOOK PC,CEMPROTECH\simeon.trillo,2024-12-20T16:29:06.408Z,Windows,NB-CEM002,cemprotech.com.pe,172.16.11.159,13th Gen Intel(R) Core(TM) i7-1355U,HPQOEM - 0 V70 Ver. 01.06.03 ,-12.3006961,-76.8360965,Sophos Endpoint Agent 2024.2.4.1.0,3716.19921875,16 GB,1 TB
c0d7185a-3ef5-4c82-96e9-fb16b1445901,5CD401CJQP,Hewlett-Packard,HP PROBOOK 450 15.6 INCH G10 NOTEBOOK PC,CEMPROTECH\kelly.villar,2024-12-20T18:43:36.306Z,Windows,NB-CEM030,cemprotech.com.pe,172.16.11.49,13th Gen Intel(R) Core(TM) i7-1355U,HPQOEM - 0 V72 Ver. 01.06.03 ,-12.3006806,-76.8361177,Sophos Endpoint Agent 2024.2.4.1.0,7743.08984375,16 GB,512 GB
7abccae8-40b7-4cb7-84ab-4c283bd28987,5CD340FLT1,Hewlett-Packard,HP PROBOOK 450 15.6 INCH G10 NOTEBOOK PC,ARUNTNET\steven.escobedo,2024-12-20T19:03:24.811Z,Windows,LAP-QOR-RENT-04,aruntnet.local,172.16.65.217,13th Gen Intel(R) Core(TM) i7-1355U,HPQOEM - 0 V72 Ver. 01.06.03 ,-12.1057655,-77.0222629,Sophos Endpoint Agent 2024.2.4.1.0,5505.37890625,16 GB,512 GB
f2ca1776-ebbc-42ea-ac61-8a795d3cee8f,4CE336D4TK,Hewlett-Packard,HP PRO SFF 400 G9 DESKTOP PC,CEMPROTECH\alfredo.prieto,2024-12-20T14:35:32.000Z,Windows,NB-CEM020,cemprotech.com.pe,172.16.11.131,12th Gen Intel(R) Core(TM) i7-12700,HPQOEM - 0 U03 Ver. 02.15.20 ,-12.300204,-76.8337745,Sophos Endpoint Agent 2024.2.4.1.0,8118.28515625,16 GB,512 GB
a3a6cdd9-7c67-4f80-b7bf-5a3cfa2e2c8e,4CE336D4WN,Hewlett-Packard,HP PRO SFF 400 G9 DESKTOP PC,CEMPROTECH\earrese,2024-12-20T19:41:39.000Z,Windows,NB-CEM009,cemprotech.com.pe,172.16.11.182,12th Gen Intel(R) Core(TM) i7-12700,HPQOEM - 0 U03 Ver. 02.15.20 ,-12.05,-77.05,Sophos Endpoint Agent 2024.2.4.1.0,5868.85546875,16 GB,512 GB
4734ff16-c74f-4897-a19d-14ec4a66d496,4CE336D4TC,Hewlett-Packard,HP PRO SFF 400 G9 DESKTOP PC,CEMPROTECH\felix.moran,2024-12-20T19:29:26.000Z,Windows,NB-CEM012,cemprotech.com.pe,172.16.11.44,12th Gen Intel(R) Core(TM) i7-12700,HPQOEM - 0 U03 Ver. 02.15.20 ,-12.3002313,-76.8337827,Sophos Endpoint Agent 2024.2.4.1.0,4919.8984375,16 GB,512 GB
53e39a02-a87b-4a21-b2c9-c0f8bae09171,5CD401CJR7,Hewlett-Packard,HP PROBOOK 450 15.6 INCH G10 NOTEBOOK PC,ARUNTNET\grecia.arias,2024-12-20T19:19:50.000Z,Windows,MDH5CD401CJR7-A,aruntnet.local,192.168.60.159,13th Gen Intel(R) Core(TM) i7-1355U,HPQOEM - 0 V72 Ver. 01.06.03 ,-12.3190423,-75.7227664,Sophos Endpoint Agent 2024.2.4.1.0,4143.41015625,16 GB,512 GB
74c887db-1775-4842-b214-cdb72fcd4ea0,5CD401CJNM,Hewlett-Packard,HP PROBOOK 450 15.6 INCH G10 NOTEBOOK PC,ARUNTNET\liliana.rodriguez,2024-12-20T18:45:47.330Z,Windows,MUR-L-CC-HP5,aruntnet.local,172.16.7.126,13th Gen Intel(R) Core(TM) i7-1355U,HPQOEM - 0 V72 Ver. 01.06.03 ,-6.7562351,-78.6197032,Sophos Endpoint Agent 2024.2.4.1.0,2592.52734375,16 GB,512 GB
9188d851-347b-4b0e-b2be-0219ec86e520,5CG41003KM,Hewlett-Packard,HP ELITE X360 1040 14 INCH G10 2-IN-1 NOTEBOOK PC,ARUNTNET\jmramos,2024-12-20T18:33:43.443Z,Windows,LAP-QOR-RENT-13,aruntnet.local,192.168.164.224,13th Gen Intel(R) Core(TM) i7-1355U,HPQOEM - 0 V70 Ver. 01.06.03 ,-12.1211889,-77.0352756,Sophos Endpoint Agent 2024.2.4.1.0,4962.14453125,16 GB,1 TB
2645ddc9-ba55-435d-9c2d-843d810cdf74,5CD401CJPV,Hewlett-Packard,HP PROBOOK 450 15.6 INCH G10 NOTEBOOK PC,ARUNTNET\diego.moscayza,2024-12-20T18:48:01.857Z,Windows,MUR-L-CC-HP6,aruntnet.local,172.16.7.87,13th Gen Intel(R) Core(TM) i7-1355U,HPQOEM - 0 V72 Ver. 01.06.03 ,-6.7562442,-78.6196066,Sophos Endpoint Agent 2024.2.4.1.0,4163.9921875,16 GB,512 GB
824574ae-5cea-4a11-a0ef-ecad88e6bb18,4CE336D4QM,Hewlett-Packard,HP PRO SFF 400 G9 DESKTOP PC,DESKTOP-I523493\chincha,2024-12-20T16:03:02.454Z,Windows,DESKTOP-I523493,WORKGROUP,192.168.1.16,12th Gen Intel(R) Core(TM) i7-12700,HPQOEM - 0 U03 Ver. 02.15.20 ,-13.4091914,-76.1641534,Sophos Endpoint Agent 2024.2.4.1.0,8211.28125,16 GB,512 GB
5d9b6e66-6126-4662-bf31-6616f12a6283,4CE336D54K,Hewlett-Packard,HP PRO SFF 400 G9 DESKTOP PC,CEMPROTECH\oscar.luque,2024-12-20T17:23:32.327Z,Windows,NB-CEM017,cemprotech.com.pe,172.16.11.114,12th Gen Intel(R) Core(TM) i7-12700,HPQOEM - 0 U03 Ver. 02.15.20 ,,,Sophos Endpoint Agent 2024.2.4.1.0,4460.08984375,16 GB,512 GB
dd72f8dd-07b5-4524-a152-d11c93a2fbc2,4CE336D563,Hewlett-Packard,HP PRO SFF 400 G9 DESKTOP PC,CEMPROTECH\katherine.marin,2024-12-20T17:05:04.285Z,Windows,NB-CEM016,cemprotech.com.pe,172.16.11.63,12th Gen Intel(R) Core(TM) i7-12700,HPQOEM - 0 U03 Ver. 02.15.20 ,,,Sophos Endpoint Agent 2024.2.4.1.0,9475.75390625,16 GB,512 GB
f5758932-f324-4a6f-bdf2-c471a85eb4b3,5CD401CJPW,Hewlett-Packard,HP PROBOOK 450 15.6 INCH G10 NOTEBOOK PC,ARUNTNET\ronny.bruno,2024-12-19T03:14:40.854Z,Windows,MDH5CD401CJPW-A,aruntnet.local,192.168.1.7,13th Gen Intel(R) Core(TM) i7-1355U,HPQOEM - 0 V72 Ver. 01.06.03 ,-12.0256597,-76.9333058,Sophos Endpoint Agent 2024.2.4.1.0,3075.3828125,16 GB,512 GB
fb098bd0-574c-45e8-a291-037b68da1238,5CD401CJNX,Hewlett-Packard,HP PROBOOK 450 15.6 INCH G10 NOTEBOOK PC,CEMPROTECH\jrojas,2024-12-20T16:26:04.442Z,Windows,NB-CEM005,cemprotech.com.pe,172.16.11.113,13th Gen Intel(R) Core(TM) i7-1355U,HPQOEM - 0 V72 Ver. 01.06.03 ,-12.3001292,-76.8337581,Sophos Endpoint Agent 2024.2.4.1.0,5178.7265625,16 GB,512 GB
3f3d2dca-9f44-4785-93ae-08e30420e9ac,5CD401CJPD,Hewlett-Packard,HP PROBOOK 450 15.6 INCH G10 NOTEBOOK PC,CEMPROTECH\mtemoche,2024-12-20T18:08:38.854Z,Windows,NB-CEM001,cemprotech.com.pe,172.16.11.227,13th Gen Intel(R) Core(TM) i7-1355U,HPQOEM - 0 V72 Ver. 01.06.03 ,-12.3006715,-76.8361077,Sophos Endpoint Agent 2024.2.4.1.0,5146.3046875,16 GB,512 GB
1ad09ff3-8a3f-47d0-bac1-022570b6a50c,4CE336D54Z,Hewlett-Packard,HP PRO SFF 400 G9 DESKTOP PC,CEMPROTECH\ysalas,2024-12-20T19:54:30.329Z,Windows,NB-CEM022,cemprotech.com.pe,172.16.11.169,12th Gen Intel(R) Core(TM) i7-12700,HPQOEM - 0 U03 Ver. 02.15.20 ,-12.3006828,-76.8360975,Sophos Endpoint Agent 2024.2.4.1.0,4126.09765625,16 GB,512 GB
ceaa71f9-8742-4da4-ba77-9952aeaf13a1,4CE336D59Q,Hewlett-Packard,HP PRO SFF 400 G9 DESKTOP PC,CEMPROTECH\esthefany.guardia,2024-12-20T18:28:24.714Z,Windows,NB-CEM015,cemprotech.com.pe,172.16.11.211,12th Gen Intel(R) Core(TM) i7-12700,HPQOEM - 0 U03 Ver. 02.15.20 ,-12.3002284,-76.8338409,Sophos Intercept X 3.3.1.2,6439.3125,16 GB,512 GB
3e015c48-f180-4dc1-b66e-e896d894d59c,4CE336D58R,Hewlett-Packard,HP PRO SFF 400 G9 DESKTOP PC,CEMPROTECH\carlos.quispe,2024-12-20T16:46:05.220Z,Windows,NB-CEM026,cemprotech.com.pe,172.16.11.196,12th Gen Intel(R) Core(TM) i7-12700,HPQOEM - 0 U03 Ver. 02.15.20 ,-12.3001376,-76.8337556,Sophos Intercept X 3.3.1.2,8628.71875,16 GB,512 GB
ddc98582-dd53-41c1-bde2-716e3436ccd4,5CD42275M8,Hewlett-Packard,HP ZBOOK POWER 16 INCH G11 MOBILE WORKSTATION PC,ARUNTNET\valvino,2024-12-20T20:04:02.220Z,Windows,LAP-QOR-RENT-19,aruntnet.local,172.16.70.71,Intel(R) Core(TM) Ultra 9 185H,HPQOEM - 0 W97 Ver. 01.03.04 ,-12.1057134,-77.0222657,Sophos Intercept X 3.3.1.2,21738.97265625,32 GB,1 TB
bd25d1f3-1214-4857-8aad-ef86da17a03b,4CE336D4X4,Hewlett-Packard,HP PRO SFF 400 G9 DESKTOP PC,CEMPROTECH\vigilancia.cem,2024-12-20T19:29:20.081Z,Windows,NB-CEM039,cemprotech.com.pe,172.16.11.174,12th Gen Intel(R) Core(TM) i7-12700,HPQOEM - 0 U03 Ver. 02.15.20 ,-12.043333053588867,-77.02833557128906,Sophos Intercept X 3.3.1.2,7173.23828125,16 GB,512 GB
5e3b5599-dbd7-4d31-9832-345fec26e474,5CD401CJP9,Hewlett-Packard,HP PROBOOK 450 15.6 INCH G10 NOTEBOOK PC,CEMPROTECH\manuel.quispe,2024-12-20T17:11:46.000Z,Windows,NB-CEM004,cemprotech.com.pe,172.16.11.73,13th Gen Intel(R) Core(TM) i7-1355U,HPQOEM - 0 V72 Ver. 01.06.03 ,-12.300132,-76.8337511,Sophos Endpoint Agent 2024.2.4.1.0,6130.76171875,16 GB,512 GB
3e7fd872-62ef-4766-a1d6-3798244d28e2,5CG4311L6L,Hewlett-Packard,HP ELITE X360 1040 14 INCH G11 2-IN-1 NOTEBOOK PC,ARUNTNET\fernando.cerdena,2024-12-20T13:53:42.000Z,Windows,LAP-QOR-RENT-26,aruntnet.local,172.16.16.71,Intel(R) Core(TM) Ultra 7 155H,HPQOEM - 0 W90 Ver. 01.01.08 ,-12.0979114,-77.0129271,Sophos Endpoint Agent 2024.2.4.1.0,7047.2421875,16 GB,1 TB
01dafdb1-2d89-4e89-8491-6214676fcd59,MXL9473VLK,Hewlett-Packard,HP Z4 G4 WORKSTATION,MACSA\nvelazco,2024-12-20T19:16:30.397Z,Windows,WS-NVELAZCO,macsa.com.pe,192.168.1.90,Intel(R) Xeon(R) W-2145 CPU @ 3.70GHz,HPQOEM - 0 P61 v02.92 HP - 2005C ,-12.0432,-77.0282,Windows Defender 4.18.24090.11,24653.59765625,32 GB,512 GB
2a772091-e338-45c0-9800-614b1446dddb,5CD410J5TZ,Hewlett-Packard,HP PROBOOK 450 15.6 INCH G10 NOTEBOOK PC,ARUNTNET\ricardo.alva,2024-12-20T18:01:28.700Z,Windows,DESKTOP-J4FOJRG,aruntnet.local,192.168.67.109,13th Gen Intel(R) Core(TM) i7-1355U,HPQOEM - 0 V72 Ver. 01.06.03 ,-6.679642,-78.5207784,Sophos Endpoint Agent 2024.2.4.1.0,9299.453125,16 GB,512 GB
33156053-4374-460e-8fdb-a62864f60fc2,5CD410J5VG,Hewlett-Packard,HP PROBOOK 450 15.6 INCH G10 NOTEBOOK PC,ARUNTNET\anali.cano,2024-12-20T20:06:30.428Z,Windows,LAP-QOR-RENT-18,aruntnet.local,172.16.70.36,13th Gen Intel(R) Core(TM) i7-1355U,HPQOEM - 0 V72 Ver. 01.06.03 ,-12.105663,-77.022378,Sophos Endpoint Agent 2024.2.4.1.0,4148.5859375,16 GB,512 GB
c1a31b01-5375-489f-a0c7-7a708a91987c,5CD410J5W7,Hewlett-Packard,HP PROBOOK 450 15.6 INCH G10 NOTEBOOK PC,ARUNTNET\rosa.canelo,2024-11-07T15:50:08.868Z,Windows,MDH5CD410J5W7-A,aruntnet.local,172.16.25.241,13th Gen Intel(R) Core(TM) i7-1355U,HPQOEM - 0 V72 Ver. 01.05.05 ,-12.0213766,-76.9613935,Sophos Intercept X 3.3.1.2,11425.83203125,16 GB,512 GB
78e4afff-7f7c-4247-82f4-f5907b416cce,5CD42275M3,Hewlett-Packard,HP ZBOOK POWER 16 INCH G11 MOBILE WORKSTATION PC,CEMPROTECH\pedro.herrera,2024-12-17T21:35:58.312Z,Windows,NB-CEM032,cemprotech.com.pe,172.16.11.99,Intel(R) Core(TM) Ultra 9 185H,HPQOEM - 0 W97 Ver. 01.03.04 ,-12.300684,-76.8361076,Sophos Endpoint Agent 2024.2.4.1.0,21845.99609375,32 GB,1 TB
b098ca1c-f549-4f41-ae06-5f7843529067,5CD410J5SW,Hewlett-Packard,HP PROBOOK 450 15.6 INCH G10 NOTEBOOK PC,ARUNTNET\jhon.arteaga,2024-12-20T16:26:04.490Z,Windows,LP-MUR-CHIN-01,aruntnet.local,192.168.1.14,13th Gen Intel(R) Core(TM) i7-1355U,HPQOEM - 0 V72 Ver. 01.06.03 ,-13.420965,-76.1403807,Sophos Endpoint Agent 2024.2.4.1.0,8096.25,16 GB,512 GB
bbf6d0f2-3541-4ce1-bad5-c64b425d4978,5CD410J5VH,Hewlett-Packard,HP PROBOOK 450 15.6 INCH G10 NOTEBOOK PC,DESKTOP-D01L5EA\chincha,2024-12-20T17:23:32.310Z,Windows,DESKTOP-D01L5EA,WORKGROUP,192.168.1.6,13th Gen Intel(R) Core(TM) i7-1355U,HPQOEM - 0 V72 Ver. 01.06.03 ,-13.4209686,-76.1403804,Sophos Endpoint Agent 2024.2.4.1.0,1990.26953125,16 GB,512 GB
384779db-6b31-4056-8e9c-bd46e6c200a4,5CD410J5VD,Hewlett-Packard,HP PROBOOK 450 15.6 INCH G10 NOTEBOOK PC,DESKTOP-K4B5BQD\chincha,2024-12-20T18:40:43.632Z,Windows,DESKTOP-K4B5BQD,WORKGROUP,192.168.43.184,13th Gen Intel(R) Core(TM) i7-1355U,HPQOEM - 0 V72 Ver. 01.06.03 ,-13.4211271,-76.1402938,Sophos Endpoint Agent 2024.2.4.1.0,6831.8671875,16 GB,512 GB
a25c914e-b63e-4379-96ad-1587cce37720,5CD410J5RY,Hewlett-Packard,HP PROBOOK 450 15.6 INCH G10 NOTEBOOK PC,ARUNTNET\manfredo.herrera,2024-12-20T13:52:34.444Z,Windows,LAP-QOR-RENT-17,aruntnet.local,192.168.1.116,13th Gen Intel(R) Core(TM) i7-1355U,HPQOEM - 0 V72 Ver. 01.06.03 ,-16.3742212,-71.552101,Sophos Endpoint Agent 2024.2.4.1.0,7912.6796875,16 GB,512 GB
6302bf83-3a96-4374-9312-2825b58a50c8,5CD410J5W4,Hewlett-Packard,HP PROBOOK 450 15.6 INCH G10 NOTEBOOK PC,ARUNTNET\luis.espinoza,2024-12-20T19:08:40.056Z,Windows,DESKTOP-UI9DB92,aruntnet.local,192.168.5.59,13th Gen Intel(R) Core(TM) i7-1355U,HPQOEM - 0 V72 Ver. 01.06.03 ,-12.0934637,-77.0376876,Sophos Endpoint Agent 2024.2.4.1.0,10655.66015625,16 GB,512 GB
744d5450-5d7a-42f5-b1c7-f4a38d27e400,5CD410J5W8,Hewlett-Packard,HP PROBOOK 450 15.6 INCH G10 NOTEBOOK PC,DESKTOP-8L4VTI6\chincha,2024-12-20T19:54:30.296Z,Windows,DESKTOP-8L4VTI6,WORKGROUP,192.168.1.13,13th Gen Intel(R) Core(TM) i7-1355U,HPQOEM - 0 V72 Ver. 01.06.03 ,-12.043333053588867,-77.02833557128906,Sophos Endpoint Agent 2024.2.4.1.0,7868.56640625,16 GB,512 GB
362c713e-820d-42a5-81bc-ca72d0ba5d32,5CD410J5WP,Hewlett-Packard,HP PROBOOK 450 15.6 INCH G10 NOTEBOOK PC,KATERINNE\chincha,2024-12-20T17:42:32.225Z,Windows,KATERINNE,WORKGROUP,192.168.1.15,13th Gen Intel(R) Core(TM) i7-1355U,HPQOEM - 0 V72 Ver. 01.06.03 ,-13.4209587,-76.1403772,Sophos Endpoint Agent 2024.2.4.1.0,990.88671875,16 GB,512 GB
39b9a772-201b-4d37-87c8-a25cc602f75f,5CD410J5S0,Hewlett-Packard,HP PROBOOK 450 15.6 INCH G10 NOTEBOOK PC,ARUNTNET\kelvin.saldivar,2024-12-20T00:52:37.104Z,Windows,LP-MUR-CMP2-123,aruntnet.local,10.71.23.117,13th Gen Intel(R) Core(TM) i7-1355U,HPQOEM - 0 V72 Ver. 01.06.03 ,-7.888252,-78.1281959,Sophos Endpoint Agent 2024.2.4.1.0,5888.97265625,16 GB,512 GB
d7d40fae-503a-4781-98be-3e11a93964cc,5CD410J5TX,Hewlett-Packard,HP PROBOOK 450 15.6 INCH G10 NOTEBOOK PC,ARUNTNET\evilca,2024-12-20T18:41:56.333Z,Windows,DESKTOP-MP0O4SH,aruntnet.local,192.168.1.40,13th Gen Intel(R) Core(TM) i7-1355U,HPQOEM - 0 V72 Ver. 01.06.03 ,-15.4941646,-70.1413412,Sophos Endpoint Agent 2024.2.4.1.0,4692.72265625,16 GB,512 GB
abd46281-7c5c-40dc-bd10-fe77caec9468,5CD410J5TJ,Hewlett-Packard,HP PROBOOK 450 15.6 INCH G10 NOTEBOOK PC,ARUNTNET\dhidalgo,2024-12-20T16:46:05.330Z,Windows,LP-MUR-CMP2-124,aruntnet.local,172.16.24.252,13th Gen Intel(R) Core(TM) i7-1355U,HPQOEM - 0 V72 Ver. 01.06.03 ,-12.0211224,-76.9606233,Sophos Endpoint Agent 2024.2.4.1.0,7287.83203125,16 GB,512 GB
082bbc5e-506a-4688-82bc-e667aa17f3ac,5CD42275ML,Hewlett-Packard,HP ZBOOK POWER 16 INCH G11 MOBILE WORKSTATION PC,ARUNTNET\terrencio.cruz,2024-12-20T16:46:05.278Z,Windows,NB-CEM038,aruntnet.local,192.168.2.107,Intel(R) Core(TM) Ultra 9 185H,HPQOEM - 0 W97 Ver. 01.03.04 ,-12.043333053588867,-77.02833557128906,Sophos Endpoint Agent 2024.2.4.1.0,19365.8671875,32 GB,1 TB
7a51e6c0-23cb-4e32-bb95-02392de3ee28,5CD42275M9,Hewlett-Packard,HP ZBOOK POWER 16 INCH G11 MOBILE WORKSTATION PC,ARUNTNET\jestela,2024-12-20T17:05:04.269Z,Windows,LAP-QOR-RENT-24,aruntnet.local,172.16.66.88,Intel(R) Core(TM) Ultra 9 185H,HPQOEM - 0 W97 Ver. 01.03.04 ,-12.1061998,-77.0220141,Sophos Intercept X 3.3.1.2,48859.328125,64 GB,1 TB
06f7b360-0e6d-4ddc-8c99-9960303329bc,5CD410J5SN,Hewlett-Packard,HP PROBOOK 450 15.6 INCH G10 NOTEBOOK PC,ARUNTNET\leocadio.artica,2024-12-20T01:18:54.000Z,Windows,DESKTOP-A9FEKGR,aruntnet.local,192.168.1.8,13th Gen Intel(R) Core(TM) i7-1355U,HPQOEM - 0 V72 Ver. 01.06.03 ,-12.0218287,-75.229801,Windows Defender 4.18.24090.11,9953.515625,16 GB,512 GB
2d0b2188-7d23-40c3-a9c3-3aaccece5e74,5CD410J5SL,Hewlett-Packard,HP PROBOOK 450 15.6 INCH G10 NOTEBOOK PC,ARUNTNET\luis.llanque,2024-12-20T19:43:03.209Z,Windows,DESKTOP-KBJR9DL,aruntnet.local,10.1.0.170,13th Gen Intel(R) Core(TM) i7-1355U,HPQOEM - 0 V72 Ver. 01.06.03 ,-14.7696601,-72.3766275,Sophos Endpoint Agent 2024.2.4.1.0,8668.90234375,16 GB,512 GB
c2f4eeae-55cc-4a0f-bd56-aecc0e9e9073,5CD410J5WM,Hewlett-Packard,HP PROBOOK 450 15.6 INCH G10 NOTEBOOK PC,ARUNTNET\marlon.aucallanchi,2024-12-20T20:03:16.886Z,Windows,DESKTOP-509DF19,aruntnet.local,172.16.19.73,13th Gen Intel(R) Core(TM) i7-1355U,HPQOEM - 0 V72 Ver. 01.06.03 ,-12.0979051,-77.0130484,Sophos Endpoint Agent 2024.2.4.1.0,4420.92578125,16 GB,512 GB
293ba767-7164-4e17-96ad-3f90ccb95ef3,5CD410J5VQ,Hewlett-Packard,HP PROBOOK 450 15.6 INCH G10 NOTEBOOK PC,ARUNTNET\allison.palomino,2024-12-12T19:41:31.430Z,Windows,MDH5CD410J5VQ-A,aruntnet.local,172.16.24.193,13th Gen Intel(R) Core(TM) i7-1355U,HPQOEM - 0 V72 Ver. 01.06.03 ,-12.0212464,-76.9609399,Sophos Endpoint Agent 2024.2.4.1.0,7604.45703125,16 GB,512 GB
826ec6ad-c3cf-4644-932e-3a13c4159e06,5CD410J5VN,Hewlett-Packard,HP PROBOOK 450 15.6 INCH G10 NOTEBOOK PC,ARUNTNET\tony.condor,2024-12-20T16:06:37.039Z,Windows,MDH5CD410J5VN-A,aruntnet.local,172.16.25.189,13th Gen Intel(R) Core(TM) i7-1355U,HPQOEM - 0 V72 Ver. 01.06.03 ,-12.021243,-76.9609347,Sophos Endpoint Agent 2024.2.4.1.0,4633.734375,16 GB,512 GB
71b50010-bbbf-4af9-b20e-c3e8dd862934,5CD42275MS,Hewlett-Packard,HP ZBOOK POWER 16 INCH G11 MOBILE WORKSTATION PC,CEMPROTECH\mcuba,2024-12-20T19:16:22.922Z,Windows,NB-CEM031,cemprotech.com.pe,192.168.1.9,Intel(R) Core(TM) Ultra 9 185H,HPQOEM - 0 W97 Ver. 01.03.04 ,-12.1663187,-76.9987283,Sophos Endpoint Agent 2024.2.4.1.0,16084.21875,32 GB,1 TB
5b255948-d911-424f-bf88-f7157b9fc238,5CD42275M7,Hewlett-Packard,HP ZBOOK POWER 16 INCH G11 MOBILE WORKSTATION PC,ARUNTNET\kevin.cachique,2024-12-14T14:03:31.445Z,Windows,MDH5CD42275M7-A,aruntnet.local,172.16.25.110,Intel(R) Core(TM) Ultra 9 185H,HPQOEM - 0 W97 Ver. 01.03.04 ,-12.0208018,-76.9617318,Sophos Endpoint Agent 2024.2.4.1.0,15572.1328125,32 GB,1 TB
3efd073e-bb8c-4141-a69e-ac33897763ac,5CD42275MM,Hewlett-Packard,HP ZBOOK POWER 16 INCH G11 MOBILE WORKSTATION PC,CEMPROTECH\rdiaz,2024-12-20T16:19:49.000Z,Windows,NB-CEM033,cemprotech.com.pe,172.16.11.136,Intel(R) Core(TM) Ultra 9 185H,HPQOEM - 0 W97 Ver. 01.03.04 ,-12.3006828,-76.8360993,Sophos Endpoint Agent 2024.2.4.1.0,20921.1171875,32 GB,1 TB
7c0d7261-f00d-48e1-9d0e-17efa3294a02,5CD410J5WL,Hewlett-Packard,HP PROBOOK 450 15.6 INCH G10 NOTEBOOK PC,ARUNTNET\patricia.quevedo,2024-12-20T19:54:39.987Z,Windows,LAP-QOR-RENT-13,aruntnet.local,172.16.70.210,13th Gen Intel(R) Core(TM) i7-1355U,HPQOEM - 0 V72 Ver. 01.06.03 ,-12.1057179,-77.0222308,Sophos Endpoint Agent 2024.2.4.1.0,2902.25390625,16 GB,512 GB
2ee8047f-85fe-477e-a16d-6c46869270a1,5CD410J5WZ,Hewlett-Packard,HP PROBOOK 450 15.6 INCH G10 NOTEBOOK PC,CEMPROTECH\gianella.carrillo,2024-12-20T17:33:16.000Z,Windows,NB-CEM035,cemprotech.com.pe,172.16.11.24,13th Gen Intel(R) Core(TM) i7-1355U,HPQOEM - 0 V72 Ver. 01.06.03 ,-12.3006693,-76.8361195,Sophos Endpoint Agent 2024.2.4.1.0,4844.0390625,16 GB,512 GB
325bb6de-915b-42b5-a206-bef082e74318,5CD410J5RP,Hewlett-Packard,HP PROBOOK 450 15.6 INCH G10 NOTEBOOK PC,CEMPROTECH\rene.balarezo,2024-12-20T20:07:03.646Z,Windows,NB-CEM037,cemprotech.com.pe,172.16.11.164,13th Gen Intel(R) Core(TM) i7-1355U,HPQOEM - 0 V72 Ver. 01.06.03 ,-12.3006938,-76.8360834,Sophos Endpoint Agent 2024.2.4.1.0,5782.5234375,16 GB,512 GB
7a6b9630-b6a6-4dc2-afd0-df7d4d9e00c4,5CD410J5TW,Hewlett-Packard,HP PROBOOK 450 15.6 INCH G10 NOTEBOOK PC,CEMPROTECH\patrick.guevara,2024-12-20T17:08:51.503Z,Windows,NB-CEM036,cemprotech.com.pe,172.16.11.26,13th Gen Intel(R) Core(TM) i7-1355U,HPQOEM - 0 V72 Ver. 01.06.03 ,-12.3006812,-76.8361047,Sophos Endpoint Agent 2024.2.4.1.0,10861.21484375,16 GB,512 GB
398a60f1-2167-4c07-b846-aa5458d67650,5CD42275M0,Hewlett-Packard,HP ZBOOK POWER 16 INCH G11 MOBILE WORKSTATION PC,ARUNTNET\ruben.alomia,2024-12-17T19:02:58.000Z,Windows,CRES_LAP_ING1,aruntnet.local,172.16.32.246,Intel(R) Core(TM) Ultra 9 185H,HPQOEM - 0 W97 Ver. 01.03.04 ,-14.7696771,-72.376718,Sophos Intercept X Unknown,18138.20703125,32 GB,1 TB
34397b7b-68e2-4280-9360-3cf0d8cbfef1,5CD410J5W0,Hewlett-Packard,HP PROBOOK 450 15.6 INCH G10 NOTEBOOK PC,ARUNTNET\ygonzalesm,2024-12-20T14:57:53.728Z,Windows,CRESPORRCC02,aruntnet.local,192.168.100.107,13th Gen Intel(R) Core(TM) i7-1355U,HPQOEM - 0 V72 Ver. 01.06.03 ,-14.7710701,-72.3742394,Sophos Endpoint Agent 2024.2.4.1.0,9224.609375,16 GB,512 GB
ef3f9822-1998-4ded-ad1b-1ed0ef0c43e6,5CG4074GT3,Hewlett-Packard,HP ELITE X360 1040 14 INCH G10 2-IN-1 NOTEBOOK PC,DESKTOP-PMIBD3T\Usuario-01,2024-12-05T05:43:56.000Z,Windows,DESKTOP-PMIBD3T,WORKGROUP,172.16.40.43,13th Gen Intel(R) Core(TM) i7-1355U,HPQOEM - 0 V70 Ver. 01.06.03 ,-12.092563,-77.0288209,Sophos Endpoint Agent 2024.2.4.1.0,7566.71875,16 GB,1 TB
1d65ef02-f879-476d-a19a-5abdc56b697f,5CD42275M2,Hewlett-Packard,HP ZBOOK POWER 16 INCH G11 MOBILE WORKSTATION PC,CEMPROTECH\fespinozag,2024-12-20T20:02:16.915Z,Windows,NB-CEM034,cemprotech.com.pe,172.16.11.53,Intel(R) Core(TM) Ultra 9 185H,HPQOEM - 0 W97 Ver. 01.03.04 ,-12.3006641,-76.8361297,Sophos Endpoint Agent 2024.2.4.1.0,14265.55078125,32 GB,1 TB
197f3eb9-59d0-41e8-a14e-3f4ba2622e4e,5CD410J5WW,Hewlett-Packard,HP PROBOOK 450 15.6 INCH G10 NOTEBOOK PC,ARUNTNET\epelaes,2024-12-20T17:17:03.618Z,Windows,MDH5CD410J5WW-A,aruntnet.local,172.16.24.125,13th Gen Intel(R) Core(TM) i7-1355U,HPQOEM - 0 V72 Ver. 01.06.03 ,-12.0212806,-76.9609182,Sophos Endpoint Agent 2024.2.4.1.0,3432.09375,16 GB,512 GB
7c55eee4-0ef3-4d7d-9c6f-5c742c3d4f53,5CD421JXS4,Hewlett-Packard,HP PROBOOK 450 15.6 INCH G10 NOTEBOOK PC,ARUNTNET\silvia.silva,2024-12-20T16:46:05.149Z,Windows,LP-MUR-CMP2-127,aruntnet.local,172.16.25.225,13th Gen Intel(R) Core(TM) i7-1355U,HPQOEM - 0 V72 Ver. 01.06.03 ,-12.0211551,-76.9606177,Sophos Endpoint Agent 2024.2.4.1.0,4715.37109375,16 GB,512 GB
02f835b0-2977-4ce0-90d4-9809e783d439,5CG4213YD9,Hewlett-Packard,HP ELITE X360 1040 14 INCH G10 2-IN-1 NOTEBOOK PC,ARUNTNET\edwin.amoretti,2024-12-20T19:16:30.398Z,Windows,LAP-QOR-RENT-14,aruntnet.local,192.168.176.137,13th Gen Intel(R) Core(TM) i7-1355U,HPQOEM - 0 V70 Ver. 01.07.00 ,-14.4496391,-72.0834911,Sophos Endpoint Agent 2024.2.4.1.0,6910.76953125,16 GB,1 TB
52c1d727-5d16-47e3-a54b-10dbfbcb223c,5CG41045SW,Hewlett-Packard,HP ELITE X360 1040 14 INCH G10 2-IN-1 NOTEBOOK PC,ARUNTNET\ruben.lavado,2024-12-20T20:00:23.642Z,Windows,LAP-QOR-RENT-15,aruntnet.local,172.16.32.77,13th Gen Intel(R) Core(TM) i7-1355U,HPQOEM - 0 V70 Ver. 01.06.03 ,-14.769774,-72.3765768,Sophos Endpoint Agent 2024.2.4.1.0,8821.62890625,16 GB,1 TB
655f7a6e-f1b7-46a7-90f4-5ab341d66e98,5CD421JXQH,Hewlett-Packard,HP PROBOOK 450 15.6 INCH G10 NOTEBOOK PC,ARUNTNET\pgutierrez,2024-12-20T13:49:33.797Z,Windows,LP-MUR-CMP2-128,aruntnet.local,172.16.25.36,13th Gen Intel(R) Core(TM) i7-1355U,HPQOEM - 0 V72 Ver. 01.06.03 ,-12.043333053588867,-77.02833557128906,Sophos Endpoint Agent 2024.2.4.1.0,6036.74609375,16 GB,512 GB
4afabb16-5fd4-424f-8cbf-521451d989e4,5CD421JXRR,Hewlett-Packard,HP PROBOOK 450 15.6 INCH G10 NOTEBOOK PC,ARUNTNET\bpacheco,2024-12-20T17:42:32.211Z,Windows,DESKTOP-9591NBN,aruntnet.local,172.16.18.170,13th Gen Intel(R) Core(TM) i7-1355U,HPQOEM - 0 V72 Ver. 01.06.03 ,-12.043333053588867,-77.02833557128906,Sophos Endpoint Agent 2024.2.4.1.0,2247.91796875,16 GB,512 GB
1622bf96-0ad6-40a0-8435-11bd004f07d6,5CD4227YX0,Hewlett-Packard,HP PROBOOK 450 15.6 INCH G10 NOTEBOOK PC,ARUNTNET\patricia.tauma,2024-12-20T15:26:02.919Z,Windows,LP-MUR-CMP2-126,aruntnet.local,172.16.24.205,13th Gen Intel(R) Core(TM) i7-1355U,HPQOEM - 0 V72 Ver. 01.06.03 ,-12.0211252,-76.9606476,Sophos Endpoint Agent 2024.2.4.1.0,3692.90625,16 GB,512 GB
8d4e0805-a791-4a8a-bd2e-4fb02c109e1f,5CD421JXTQ,Hewlett-Packard,HP PROBOOK 450 15.6 INCH G10 NOTEBOOK PC,ARUNTNET\betzabe.martinez,2024-12-20T16:35:59.328Z,Windows,LP-MUR-CMP2-125,aruntnet.local,172.16.25.1,13th Gen Intel(R) Core(TM) i7-1355U,HPQOEM - 0 V72 Ver. 01.06.03 ,-12.0211294,-76.9605871,Sophos Endpoint Agent 2024.2.4.1.0,5537.50390625,16 GB,512 GB
f9d3f815-acf9-4ab9-9994-6fcb24db94d7,5CD421JXVH,Hewlett-Packard,HP PROBOOK 450 15.6 INCH G10 NOTEBOOK PC,ARUNTNET\daniel.sampen,2024-08-28T14:48:44.073Z,Windows,LP-MUR-CMP2-129,aruntnet.local,172.16.24.61,13th Gen Intel(R) Core(TM) i7-1355U,HPQOEM - 0 V72 Ver. 01.04.00 ,,,Sophos Intercept X 3.3.0.1755,9540.87109375,16 GB,512 GB
f10d582d-9f36-4373-93cc-44127e05d3aa,4CE336D55S,Hewlett-Packard,HP PRO SFF 400 G9 DESKTOP PC,ARUNTNET\jyamunaque,2024-12-20T19:18:08.874Z,Windows,SOL4CE336D55S-A,aruntnet.local,172.16.25.164,12th Gen Intel(R) Core(TM) i7-12700,HPQOEM - 0 U03 Ver. 02.15.20 ,-12.0212228,-76.9609037,Sophos Intercept X 3.3.1.2,9137.390625,16 GB,512 GB
9e768ee2-536a-4ad9-8bfe-afe5dd3de2ae,5CD410J5VY,Hewlett-Packard,HP PROBOOK 450 15.6 INCH G10 NOTEBOOK PC,ARUNTNET\jorge.abregu,2024-12-20T14:49:01.567Z,Windows,LAP-QOR-RENT-16,aruntnet.local,172.16.69.237,13th Gen Intel(R) Core(TM) i7-1355U,HPQOEM - 0 V72 Ver. 01.06.03 ,-12.1057427,-77.0222828,Sophos Endpoint Agent 2024.2.4.1.0,1840.44921875,16 GB,512 GB
8c157582-1753-4c1a-b0b3-cb97adbfe72e,5CD410J5VW,Hewlett-Packard,HP PROBOOK 450 15.6 INCH G10 NOTEBOOK PC,ARUNTNET\ruben.barrenechea,2024-12-20T19:14:50.288Z,Windows,CRESLAPRRCC04,aruntnet.local,192.168.20.92,13th Gen Intel(R) Core(TM) i7-1355U,HPQOEM - 0 V72 Ver. 01.06.03 ,-14.771064,-72.3742287,Sophos Endpoint Agent 2024.2.4.1.0,5154.390625,16 GB,512 GB
0c3610ab-5451-4653-b51d-9d1f93fcd3a8,5CD421JXWC,Hewlett-Packard,HP PROBOOK 450 15.6 INCH G10 NOTEBOOK PC,ARUNTNET\gloria.estrada,2024-12-20T15:26:02.883Z,Windows,DESKTOP-4A43UP2,aruntnet.local,172.16.21.67,13th Gen Intel(R) Core(TM) i7-1355U,HPQOEM - 0 V72 Ver. 01.06.03 ,-12.0986,-77.0148,Sophos Endpoint Agent 2024.2.4.1.0,9977.69921875,16 GB,512 GB
93d37103-122d-46de-8f66-00838cfce058,5CD410J5VF,Hewlett-Packard,HP PROBOOK 450 15.6 INCH G10 NOTEBOOK PC,ARUNTNET\july.espinoza,2024-12-20T13:29:03.543Z,Windows,CRESLAPRRCC05,aruntnet.local,192.168.100.113,13th Gen Intel(R) Core(TM) i7-1355U,HPQOEM - 0 V72 Ver. 01.06.03 ,-14.7710717,-72.3742479,Sophos Intercept X 3.3.1.2,9257.55078125,16 GB,512 GB
b040b688-7d72-4f5e-b8c5-149468e528d0,4CE336D51H,Hewlett-Packard,HP PRO SFF 400 G9 DESKTOP PC,ARUNTNET\alonso.sanchez,2024-12-20T17:30:27.113Z,Windows,PC-QOR-RENT-06,aruntnet.local,172.16.70.231,12th Gen Intel(R) Core(TM) i7-12700,HPQOEM - 0 U03 Ver. 02.15.20 ,-12.1057459,-77.0222671,Sophos Intercept X 3.3.1.2,617.1171875,16 GB,512 GB
8f4ac62a-6740-4036-81a9-cf68071335bc,5CD410J5W1,Hewlett-Packard,HP PROBOOK 450 15.6 INCH G10 NOTEBOOK PC,CRESLAPRRCC06\Administrador,2024-12-11T19:57:40.634Z,Windows,CRESLAPRRCC06,aruntnet.local,172.16.32.180,13th Gen Intel(R) Core(TM) i7-1355U,HPQOEM - 0 V72 Ver. 01.06.03 ,-14.7697073,-72.3767374,Sophos Intercept X 3.3.1.2,4722.3515625,16 GB,512 GB
e37bcbd9-4ec7-4d8c-97f8-b62c3746bf42,5CD42275MK,Hewlett-Packard,HP ZBOOK POWER 16 INCH G11 MOBILE WORKSTATION PC,ARUNTNET\jair.shinno,2024-12-06T18:39:15.633Z,Windows,LAP-QOR-RENT-20,aruntnet.local,172.16.66.240,Intel(R) Core(TM) Ultra 9 185H,HPQOEM - 0 W97 Ver. 01.03.04 ,-12.1057411,-77.0222928,Sophos Endpoint Agent 2024.2.4.1.0,23906.484375,32 GB,1 TB
e56d7683-c206-4515-ae8f-f28a97cb0342,5CD42275MD,Hewlett-Packard,HP ZBOOK POWER 16 INCH G11 MOBILE WORKSTATION PC,ARUNTNET\emonzon,2024-11-27T15:04:08.651Z,Windows,LAP-QOR-RENT-21,aruntnet.local,172.16.66.113,Intel(R) Core(TM) Ultra 9 185H,HPQOEM - 0 W97 Ver. 01.03.04 ,-12.1057366,-77.0222679,Sophos Endpoint Agent 2024.2.4.1.0,21026.4609375,32 GB,1 TB
9d5eec55-a13d-4ad4-814e-5b70c9cf601b,5CD410J5V0,Hewlett-Packard,HP PROBOOK 450 15.6 INCH G10 NOTEBOOK PC,ARUNTNET\magaly.bardales,2024-12-20T19:14:56.588Z,Windows,CRESLAPMA03,aruntnet.local,172.16.32.152,13th Gen Intel(R) Core(TM) i7-1355U,HPQOEM - 0 V72 Ver. 01.06.03 ,-14.7698746,-72.3772058,Sophos Intercept X 3.3.1.2,6876.28515625,16 GB,512 GB
55002370-df66-4d87-9576-4e7413525027,5CD410J5V1,Hewlett-Packard,HP PROBOOK 450 15.6 INCH G10 NOTEBOOK PC,ARUNTNET\mvela,2024-12-05T17:20:14.011Z,Windows,CRESLAPMA01,aruntnet.local,172.16.32.248,13th Gen Intel(R) Core(TM) i7-1355U,HPQOEM - 0 V72 Ver. 01.06.03 ,-14.7698221,-72.3771534,Sophos Intercept X 3.3.1.2,10241.25,16 GB,512 GB
bbb55c10-4ea3-4d17-937e-2f54eb586d20,5CD42275MG,Hewlett-Packard,HP ZBOOK POWER 16 INCH G11 MOBILE WORKSTATION PC,ARUNTNET\mario.bringas,2024-12-20T09:55:59.490Z,Windows,DESKTOP-944GF15,aruntnet.local,10.0.1.109,Intel(R) Core(TM) Ultra 9 185H,HPQOEM - 0 W97 Ver. 01.03.04 ,-14.3283712,-72.7403853,Sophos Intercept X Unknown,18972.96875,32 GB,1 TB
2ba072ab-e443-4940-972e-208c177d8fe3,5CG4311L6W,Hewlett-Packard,HP ELITE X360 1040 14 INCH G11 2-IN-1 NOTEBOOK PC,DESKTOP-A1353A5\hp,2024-12-05T17:23:34.157Z,Windows,DESKTOP-A1353A5,WORKGROUP,192.168.1.50,Intel(R) Core(TM) Ultra 7 155H,HPQOEM - 0 W90 Ver. 01.03.04 ,,,Windows Defender 4.18.24090.11,10145.7265625,16 GB,1 TB
58807e51-9ab1-4f8e-b6f0-fdbad33919ea,5CG4311L6Q,Hewlett-Packard,HP ELITE X360 1040 14 INCH G11 2-IN-1 NOTEBOOK PC,ARUNTNET\jnavarro,2024-12-16T20:32:37.591Z,Windows,LP-MUR-CMP2-09,aruntnet.local,172.16.24.185,Intel(R) Core(TM) Ultra 7 155H,HPQOEM - 0 W90 Ver. 01.04.00 ,-12.0213413,-76.9604694,Windows Defender 4.18.24090.11,5789.1796875,16 GB,1 TB
109bdcbd-4147-4650-8753-a42ad2c6b691,5CG4311L6S,Hewlett-Packard,HP ELITE X360 1040 14 INCH G11 2-IN-1 NOTEBOOK PC,ARUNTNET\toninho.serrano,2024-12-20T19:34:34.487Z,Windows,NB-CEM061,aruntnet.local,172.16.11.108,Intel(R) Core(TM) Ultra 7 155H,HPQOEM - 0 W90 Ver. 01.04.00 ,-12.3006709,-76.8361051,Sophos Endpoint Agent 2024.2.4.1.0,11544.3125,16 GB,1 TB
be449d32-22f9-4081-a3a3-1a21597bdd27,5CG4311L6N,Hewlett-Packard,HP ELITE X360 1040 14 INCH G11 2-IN-1 NOTEBOOK PC,ARUNTNET\elvis.medina,2024-12-20T17:30:12.639Z,Windows,LAP-QOR-RENT-27,aruntnet.local,172.16.70.6,Intel(R) Core(TM) Ultra 7 155H,HPQOEM - 0 W90 Ver. 01.04.00 ,-12.1057126,-77.0223241,Sophos Endpoint Agent 2024.2.4.1.0,6383.1015625,16 GB,1 TB
276a29b1-435c-46a6-a228-411533742462,5CD42275MP,Hewlett-Packard,HP ZBOOK POWER 16 INCH G11 MOBILE WORKSTATION PC,CRESLAPPLAN01\Administrador,2024-12-20T20:02:56.000Z,Windows,CRESLAPPLAN01,WORKGROUP,172.16.32.187,Intel(R) Core(TM) Ultra 9 185H,HPQOEM - 0 W97 Ver. 01.03.04 ,-14.7697532,-72.3766761,Sophos Endpoint Agent 2024.2.4.1.0,24583.01171875,32 GB,1 TB
82abbf97-c2c6-4b34-b143-1d435b86125b,5CD43928RR,Hewlett-Packard,HP PROBOOK 450 15.6 INCH G10 NOTEBOOK PC,DESKTOP-29NG9F0\user.tic,2024-12-19T15:46:56.000Z,Windows,DESKTOP-29NG9F0,WORKGROUP,192.168.1.29,13th Gen Intel(R) Core(TM) i7-1355U,HPQOEM - 0 V72 Ver. 01.06.03 ,-12.111444,-76.9905723,Sophos Endpoint Agent 2024.2.4.1.0,9763.77734375,16 GB,512 GB
38db4460-8d14-46ec-a639-2f422c056faa,5CD43928QF,Hewlett-Packard,HP PROBOOK 450 15.6 INCH G10 NOTEBOOK PC,DESKTOP-7A5BTF0\user.tic,2024-12-19T15:59:50.176Z,Windows,DESKTOP-7A5BTF0,WORKGROUP,192.168.1.73,13th Gen Intel(R) Core(TM) i7-1355U,HPQOEM - 0 V72 Ver. 01.07.01 ,-12.1114513,-76.9905777,Sophos Endpoint Agent 2024.2.4.1.0,9916.2109375,16 GB,512 GB
4753ce7f-4ccf-47bb-ac45-967ab5546975,5CD43928V4,Hewlett-Packard,HP PROBOOK 450 15.6 INCH G10 NOTEBOOK PC,DESKTOP-LKEUJBI\user.tic,2024-12-19T16:03:02.913Z,Windows,DESKTOP-LKEUJBI,WORKGROUP,192.168.1.68,13th Gen Intel(R) Core(TM) i7-1355U,HPQOEM - 0 V72 Ver. 01.07.01 ,-12.1114506,-76.990581,Sophos Endpoint Agent 2024.2.4.1.0,8571.30859375,16 GB,512 GB
14e19ab3-eb8c-42b5-b88d-fdcca0e96058,5CD43928SW,Hewlett-Packard,HP PROBOOK 450 15.6 INCH G10 NOTEBOOK PC,DESKTOP-UI10994\user.tic,2024-12-19T17:11:54.825Z,Windows,DESKTOP-UI10994,WORKGROUP,192.168.1.48,13th Gen Intel(R) Core(TM) i7-1355U,HPQOEM - 0 V72 Ver. 01.07.01 ,-12.1114426,-76.9905662,Sophos Endpoint Agent 2024.2.4.1.0,9774.484375,16 GB,512 GB
05f13513-ae36-495c-8ce8-34b537bad04e,5CD43928VQ,Hewlett-Packard,HP PROBOOK 450 15.6 INCH G10 NOTEBOOK PC,DESKTOP-58409DH\user.tiic,2024-12-19T17:41:00.548Z,Windows,DESKTOP-58409DH,WORKGROUP,192.168.1.76,13th Gen Intel(R) Core(TM) i7-1355U,HPQOEM - 0 V72 Ver. 01.06.03 ,-12.1114388,-76.9905575,Sophos Endpoint Agent 2024.2.4.1.0,10592.2890625,16 GB,512 GB
8692ba18-05b7-4901-a86a-5c5faa262628,5CD43928PW,Hewlett-Packard,HP PROBOOK 450 15.6 INCH G10 NOTEBOOK PC,DESKTOP-POEH45C\user.tic,2024-12-19T17:03:47.123Z,Windows,DESKTOP-POEH45C,WORKGROUP,192.168.1.69,13th Gen Intel(R) Core(TM) i7-1355U,HPQOEM - 0 V72 Ver. 01.07.01 ,-12.1114527,-76.9905707,Sophos Endpoint Agent 2024.2.4.1.0,9513.58984375,16 GB,512 GB
7631ef53-6ecb-4741-b2b3-065561835366,5CD43928QY,Hewlett-Packard,HP PROBOOK 450 15.6 INCH G10 NOTEBOOK PC,DESKTOP-VV84DSJ\hp,2024-12-19T15:45:09.689Z,Windows,DESKTOP-VV84DSJ,WORKGROUP,192.168.1.78,13th Gen Intel(R) Core(TM) i7-1355U,HPQOEM - 0 V72 Ver. 01.06.03 ,-12.1114433,-76.9905534,Sophos Endpoint Agent 2024.2.4.1.0,11683.38671875,16 GB,512 GB
4d737bce-3104-4819-a6e8-66e2691f24b9,5CD43928TM,Hewlett-Packard,HP PROBOOK 450 15.6 INCH G10 NOTEBOOK PC,DESKTOP-LTPTH1D\hp,2024-12-19T16:24:48.626Z,Windows,DESKTOP-LTPTH1D,WORKGROUP,192.168.1.59,13th Gen Intel(R) Core(TM) i7-1355U,HPQOEM - 0 V72 Ver. 01.06.03 ,,,Sophos Endpoint Agent 2024.2.4.1.0,11503.078125,16 GB,512 GB
7480ba2f-79c0-41e9-8dea-071a1780cb05,5CD43928QC,Hewlett-Packard,HP PROBOOK 450 15.6 INCH G10 NOTEBOOK PC,DESKTOP-AUFV6J7\hp,2024-12-19T16:24:48.614Z,Windows,DESKTOP-AUFV6J7,WORKGROUP,192.168.1.62,13th Gen Intel(R) Core(TM) i7-1355U,HPQOEM - 0 V72 Ver. 01.06.03 ,,,Sophos Endpoint Agent 2024.2.4.1.0,11635.98046875,16 GB,512 GB
f1d20421-d785-4834-9f98-73065a2de74c,5CD43928PL,Hewlett-Packard,HP PROBOOK 450 15.6 INCH G10 NOTEBOOK PC,DESKTOP-G5N84O8\hp,2024-12-19T16:44:11.169Z,Windows,DESKTOP-G5N84O8,WORKGROUP,192.168.1.65,13th Gen Intel(R) Core(TM) i7-1355U,HPQOEM - 0 V72 Ver. 01.06.03 ,-12.1114427,-76.9905554,Sophos Endpoint Agent 2024.2.4.1.0,11584.078125,16 GB,512 GB
47138042-978c-498c-8407-89db0d3a8bc1,5CD43928R1,Hewlett-Packard,HP PROBOOK 450 15.6 INCH G10 NOTEBOOK PC,DESKTOP-GDK34C7\defaultuser0,2024-12-19T17:22:18.323Z,Windows,DESKTOP-GDK34C7,WORKGROUP,192.168.1.80,13th Gen Intel(R) Core(TM) i7-1355U,HPQOEM - 0 V72 Ver. 01.06.03 ,-12.111442,-76.9905535,Sophos Endpoint Agent 2024.2.4.1.0,11108.65625,16 GB,512 GB
2e3b60a7-a8fb-40fa-a468-ba474179f60c,5CD43928PM,Hewlett-Packard,HP PROBOOK 450 15.6 INCH G10 NOTEBOOK PC,DESKTOP-8JMD0D2\hp,2024-12-19T17:41:00.522Z,Windows,DESKTOP-8JMD0D2,WORKGROUP,192.168.1.77,13th Gen Intel(R) Core(TM) i7-1355U,HPQOEM - 0 V72 Ver. 01.06.03 ,-12.1114268,-76.9905477,Sophos Endpoint Agent 2024.2.4.1.0,11998.5234375,16 GB,512 GB
bad945ca-8ab5-4f1a-bb56-fda525be3841,5CD43928PQ,Hewlett-Packard,HP PROBOOK 450 15.6 INCH G10 NOTEBOOK PC,DESKTOP-1KEV8SM\hp,2024-12-19T18:18:00.488Z,Windows,DESKTOP-1KEV8SM,WORKGROUP,192.168.1.86,13th Gen Intel(R) Core(TM) i7-1355U,HPQOEM - 0 V72 Ver. 01.06.03 ,,,Sophos Endpoint Agent 2024.2.4.1.0,11366.80859375,16 GB,512 GB
00a530b2-68b2-45a7-995d-9dad13787e53,5CD43928QX,Hewlett-Packard,HP PROBOOK 450 15.6 INCH G10 NOTEBOOK PC,DESKTOP-18ASPES\hp,2024-12-19T19:20:31.266Z,Windows,DESKTOP-18ASPES,WORKGROUP,192.168.1.93,13th Gen Intel(R) Core(TM) i7-1355U,HPQOEM - 0 V72 Ver. 01.06.03 ,-12.1114403,-76.9905571,Sophos Endpoint Agent 2024.2.4.1.0,11485.5625,16 GB,512 GB
ac046315-778a-44c2-ac75-9efee56ef594,5CD43928VD,Hewlett-Packard,HP PROBOOK 450 15.6 INCH G10 NOTEBOOK PC,DESKTOP-F879NK8\defaultuser0,2024-12-19T19:24:26.173Z,Windows,DESKTOP-F879NK8,WORKGROUP,192.168.1.94,13th Gen Intel(R) Core(TM) i7-1355U,HPQOEM - 0 V72 Ver. 01.06.03 ,-12.1114469,-76.9905747,Sophos Endpoint Agent 2024.2.4.1.0,10561.35546875,16 GB,512 GB
49a00416-b0da-4e91-9899-81d9515e1c49,5CD43928T7,Hewlett-Packard,HP PROBOOK 450 15.6 INCH G10 NOTEBOOK PC,DESKTOP-NMI9G06\hp,2024-12-19T19:52:09.182Z,Windows,DESKTOP-NMI9G06,WORKGROUP,192.168.1.95,13th Gen Intel(R) Core(TM) i7-1355U,HPQOEM - 0 V72 Ver. 01.06.03 ,,,Sophos Endpoint Agent 2024.2.4.1.0,11547.87890625,16 GB,512 GB
b2e40dca-8807-4974-bace-9b57562ab287,5CD43928VH,Hewlett-Packard,HP PROBOOK 450 15.6 INCH G10 NOTEBOOK PC,DESKTOP-NC1F9F6\user.tic,2024-12-20T19:51:38.000Z,Windows,NB-CEM070,aruntnet.local,172.16.11.28,13th Gen Intel(R) Core(TM) i7-1355U,HPQOEM - 0 V72 Ver. 01.06.03 ,-12.3007759,-76.8362907,Sophos Endpoint Agent 2024.2.4.1.0,12342.54296875,16 GB,512 GB
63a2442f-e3c7-4bff-8d0b-fb1e150846ed,5CD43928PN,Hewlett-Packard,HP PROBOOK 450 15.6 INCH G10 NOTEBOOK PC,DESKTOP-VMA3FHQ\defaultuser0,2024-12-19T20:28:33.613Z,Windows,DESKTOP-VMA3FHQ,WORKGROUP,192.168.1.96,13th Gen Intel(R) Core(TM) i7-1355U,HPQOEM - 0 V72 Ver. 01.07.01 ,,,Sophos Endpoint Agent 2024.2.4.1.0,11570.83984375,16 GB,512 GB
16ce18eb-d73c-4829-9589-1807bf20bd60,5CD43928QD,Hewlett-Packard,HP PROBOOK 450 15.6 INCH G10 NOTEBOOK PC,DESKTOP-TH3MTFL\user.tic,2024-12-20T17:59:34.517Z,Windows,NB-CEM071,aruntnet.local,172.16.11.25,13th Gen Intel(R) Core(TM) i7-1355U,HPQOEM - 0 V72 Ver. 01.07.01 ,-12.3007749,-76.8362927,Sophos Endpoint Agent 2024.2.4.1.0,12635.75390625,16 GB,512 GB
7e4d1d3c-fa65-4956-add2-92aaebd86c6e,5CD43928QG,Hewlett-Packard,HP PROBOOK 450 15.6 INCH G10 NOTEBOOK PC,DESKTOP-J84H0A5\defaultuser0,2024-12-19T20:45:52.988Z,Windows,DESKTOP-J84H0A5,WORKGROUP,192.168.1.99,13th Gen Intel(R) Core(TM) i7-1355U,HPQOEM - 0 V72 Ver. 01.07.01 ,,,Sophos Endpoint Agent 2024.2.4.1.0,11277.31640625,16 GB,512 GB
e8be634e-1c75-4cb7-8677-3c6dfb706c39,5CD43928SG,Hewlett-Packard,HP PROBOOK 450 15.6 INCH G10 NOTEBOOK PC,DESKTOP-MCDO6TI\defaultuser0,2024-12-19T20:45:52.989Z,Windows,DESKTOP-MCDO6TI,WORKGROUP,192.168.1.104,13th Gen Intel(R) Core(TM) i7-1355U,HPQOEM - 0 V72 Ver. 01.07.01 ,,,Sophos Endpoint Agent 2024.2.4.1.0,11333.265625,16 GB,512 GB
b06c9752-91cd-4884-af1f-bd829593e0fd,5CD43928RL,Hewlett-Packard,HP PROBOOK 450 15.6 INCH G10 NOTEBOOK PC,DESKTOP-PDFKQUP\defaultuser0,2024-12-19T21:04:21.475Z,Windows,DESKTOP-PDFKQUP,WORKGROUP,192.168.1.105,13th Gen Intel(R) Core(TM) i7-1355U,HPQOEM - 0 V72 Ver. 01.07.01 ,,,Sophos Endpoint Agent 2024.2.4.1.0,11053.84375,16 GB,512 GB
557ee876-3d6f-4df8-b95c-0bf723051194,5CD43928W5,Hewlett-Packard,HP PROBOOK 450 15.6 INCH G10 NOTEBOOK PC,DESKTOP-H7DA9T4\hp,2024-12-19T21:04:21.478Z,Windows,DESKTOP-H7DA9T4,WORKGROUP,192.168.1.107,13th Gen Intel(R) Core(TM) i7-1355U,HPQOEM - 0 V72 Ver. 01.06.03 ,,,Sophos Endpoint Agent 2024.2.4.1.0,11959.7421875,16 GB,512 GB
767d6b45-cd44-4e16-a8a0-f3e2c3f35ed4,5CD43928W4,Hewlett-Packard,HP PROBOOK 450 15.6 INCH G10 NOTEBOOK PC,DESKTOP-CBO98IL\HP,2024-12-19T21:04:21.481Z,Windows,DESKTOP-CBO98IL,WORKGROUP,192.168.1.106,13th Gen Intel(R) Core(TM) i7-1355U,HPQOEM - 0 V72 Ver. 01.06.03 ,,,Sophos Endpoint Agent 2024.2.4.1.0,12136.12890625,16 GB,512 GB
a134e367-f85a-4e27-a905-72d55f786a64,5CD43928T6,Hewlett-Packard,HP PROBOOK 450 15.6 INCH G10 NOTEBOOK PC,DESKTOP-B9D85G2\defaultuser0,2024-12-19T21:40:23.577Z,Windows,DESKTOP-B9D85G2,WORKGROUP,192.168.1.108,13th Gen Intel(R) Core(TM) i7-1355U,HPQOEM - 0 V72 Ver. 01.06.03 ,,,Sophos Endpoint Agent 2024.2.4.1.0,11125.66796875,16 GB,512 GB
738abe33-8cdb-4f89-a1bf-916901f422c8,5CD43928R0,Hewlett-Packard,HP PROBOOK 450 15.6 INCH G10 NOTEBOOK PC,DESKTOP-C29ISFU\defaultuser0,2024-12-19T21:40:23.580Z,Windows,DESKTOP-C29ISFU,WORKGROUP,192.168.1.109,13th Gen Intel(R) Core(TM) i7-1355U,HPQOEM - 0 V72 Ver. 01.06.03 ,,,Sophos Endpoint Agent 2024.2.4.1.0,10725.90625,16 GB,512 GB
1e61fc84-4da1-4bae-b8b4-35c706727bde,5CD43928Q8,Hewlett-Packard,HP PROBOOK 450 15.6 INCH G10 NOTEBOOK PC,DESKTOP-MJAPH70\defaultuser0,2024-12-19T21:40:23.580Z,Windows,DESKTOP-MJAPH70,WORKGROUP,192.168.1.110,13th Gen Intel(R) Core(TM) i7-1355U,HPQOEM - 0 V72 Ver. 01.06.03 ,,,Sophos Endpoint Agent 2024.2.4.1.0,10699.61328125,16 GB,512 GB
